#{"t_start": 1772716370.2041433, "env_id": "Acrobot-v1"}
r,l,t
-500.0,500,1.478184
-500.0,500,1.820322
-500.0,500,2.162263
-500.0,500,2.502711
-500.0,500,4.019498
-500.0,500,4.363011
-500.0,500,4.706748
-500.0,500,5.049261
-500.0,500,6.517726
-500.0,500,6.859652
-500.0,500,7.204651
-500.0,500,7.54879
-500.0,500,9.034713
-500.0,500,9.378926
-500.0,500,9.721967
-500.0,500,10.063401
-500.0,500,11.554556
-500.0,500,11.897278
-500.0,500,12.240498
-500.0,500,12.583235
-500.0,500,13.954941
-500.0,500,14.308349
-500.0,500,14.664138
-500.0,500,15.021262
-500.0,500,16.39529
-500.0,500,16.742842
-500.0,500,17.087665
-500.0,500,17.433047
-500.0,500,18.78939
-500.0,500,19.133484
-500.0,500,19.477713
-500.0,500,19.819919
-500.0,500,21.17981
-446.0,447,21.492543
-500.0,500,21.838888
-500.0,500,22.184343
-500.0,500,23.568099
-500.0,500,23.91583
-500.0,500,24.26204
-500.0,500,24.607762
-500.0,500,24.953462
-372.0,373,26.238052
-500.0,500,26.579717
-317.0,318,26.798453
-314.0,315,27.015992
-410.0,411,27.299045
-347.0,348,28.577672
-500.0,500,28.925348
-258.0,259,29.105324
-346.0,347,29.346932
-254.0,255,29.523811
-253.0,254,29.700993
-389.0,390,30.989299
-249.0,250,31.163542
-320.0,321,31.385353
-208.0,209,31.529826
-304.0,305,31.741958
-210.0,211,31.888333
-262.0,263,32.069837
-157.0,158,32.179985
-254.0,255,33.368753
-177.0,178,33.493395
-262.0,263,33.674059
-269.0,270,33.86045
-262.0,263,34.041868
-225.0,226,34.198372
-151.0,152,34.303054
-143.0,144,34.4021
-155.0,156,34.509646
-160.0,161,34.622532
-276.0,277,35.842012
-214.0,215,35.991073
-159.0,160,36.101526
-132.0,133,36.193838
-151.0,152,36.299081
-173.0,174,36.41907
-139.0,140,36.515649
-192.0,193,36.648707
-159.0,160,36.759134
-119.0,120,36.842105
-208.0,209,36.987244
-131.0,132,37.078115
-129.0,130,37.167648
-161.0,162,38.296682
-156.0,157,38.40369
-125.0,126,38.489505
-154.0,155,38.594994
-123.0,124,38.67936
-107.0,108,38.752697
-138.0,139,38.848022
-144.0,145,38.948298
-141.0,142,39.045985
-103.0,104,39.117262
-113.0,114,39.195837
-128.0,129,39.285415
-118.0,119,39.367224
-142.0,143,39.465515
-157.0,158,39.574191
-118.0,119,40.715725
-99.0,100,40.784733
-139.0,140,40.882918
-106.0,107,40.957227
-125.0,126,41.045197
-128.0,129,41.134234
-152.0,153,41.239881
-124.0,125,41.326833
-105.0,106,41.400058
-109.0,110,41.476407
-131.0,132,41.567837
-137.0,138,41.663134
-143.0,144,41.762548
-171.0,172,41.881174
-105.0,106,41.954779
-124.0,125,42.041698
-94.0,95,43.145956
-125.0,126,43.235778
-116.0,117,43.316663
-111.0,112,43.394271
-132.0,133,43.486064
-115.0,116,43.566156
-98.0,99,43.634256
-144.0,145,43.734506
-91.0,92,43.797707
-124.0,125,43.884241
-107.0,108,43.958516
-107.0,108,44.03391
-123.0,124,44.124403
-109.0,110,44.202096
-167.0,168,44.321585
-108.0,109,44.398914
-132.0,133,44.493949
-105.0,106,45.597351
-115.0,116,45.67838
-96.0,97,45.745687
-153.0,154,45.852782
-116.0,117,45.935304
-88.0,89,45.998398
-106.0,107,46.073943
-118.0,119,46.157991
-126.0,127,46.247768
-120.0,121,46.333558
-92.0,93,46.399292
-90.0,91,46.463684
-130.0,131,46.556529
-122.0,123,46.643514
-135.0,136,46.740141
-124.0,125,46.828698
-111.0,112,46.90732
-91.0,92,46.971772
-100.0,101,48.066562
-118.0,119,48.149716
-102.0,103,48.220293
-98.0,99,48.288232
-113.0,114,48.36711
-120.0,121,48.450658
-113.0,114,48.530078
-100.0,101,48.599658
-150.0,151,48.703806
-101.0,102,48.773876
-143.0,144,48.873392
-121.0,122,48.957469
-83.0,84,49.015188
-118.0,119,49.097367
-98.0,99,49.16671
-109.0,110,49.243241
-128.0,129,49.332184
-86.0,87,49.392011
-117.0,118,50.509712
-129.0,130,50.6008
-99.0,100,50.669791
-103.0,104,50.74187
-103.0,104,50.813864
-94.0,95,50.879271
-86.0,87,50.939507
-91.0,92,51.003123
-105.0,106,51.076375
-129.0,130,51.166167
-112.0,113,51.245735
-84.0,85,51.30423
-95.0,96,51.370576
-184.0,185,51.498266
-96.0,97,51.565663
-101.0,102,51.636319
-99.0,100,51.705945
-99.0,100,51.77463
-85.0,86,51.834125
-120.0,121,51.917877
-122.0,123,53.03622
-83.0,84,53.093754
-155.0,156,53.200765
-91.0,92,53.264485
-182.0,183,53.390389
-70.0,71,53.438699
-87.0,88,53.499092
-81.0,82,53.554975
-96.0,97,53.621914
-115.0,116,53.701168
-89.0,90,53.762344
-102.0,103,53.832907
-83.0,84,53.890918
-111.0,112,53.968179
-94.0,95,54.033547
-90.0,91,54.096469
-206.0,207,54.239439
-94.0,95,54.305306
-78.0,79,54.359979
-72.0,73,55.486968
-127.0,128,55.57581
-102.0,103,55.646771
-91.0,92,55.710517
-94.0,95,55.776214
-89.0,90,55.838371
-97.0,98,55.906558
-83.0,84,55.964608
-92.0,93,56.028792
-94.0,95,56.094712
-105.0,106,56.168372
-76.0,77,56.222104
-92.0,93,56.286428
-92.0,93,56.351772
-90.0,91,56.414651
-85.0,86,56.473647
-140.0,141,56.57083
-98.0,99,56.63886
-76.0,77,56.692671
-103.0,104,56.764204
-90.0,91,56.826673
-99.0,100,57.940011
-95.0,96,58.006367
-63.0,64,58.051004
-94.0,95,58.117701
-99.0,100,58.18667
-91.0,92,58.250138
-99.0,100,58.318399
-76.0,77,58.372024
-78.0,79,58.426375
-90.0,91,58.488595
-98.0,99,58.556501
-100.0,101,58.625123
-83.0,84,58.682582
-82.0,83,58.740085
-78.0,79,58.793868
-110.0,111,58.870583
-87.0,88,58.931149
-74.0,75,58.983026
-99.0,100,59.052571
-94.0,95,59.120526
-101.0,102,59.191277
-102.0,103,59.262775
-82.0,83,60.338578
-78.0,79,60.393711
-108.0,109,60.469952
-79.0,80,60.525977
-82.0,83,60.584393
-85.0,86,60.642908
-79.0,80,60.697669
-101.0,102,60.767951
-82.0,83,60.825147
-75.0,76,60.877808
-109.0,110,60.953735
-94.0,95,61.0191
-81.0,82,61.075771
-93.0,94,61.140327
-63.0,64,61.184696
-81.0,82,61.241427
-73.0,74,61.292246
-89.0,90,61.354409
-100.0,101,61.42464
-96.0,97,61.492261
-93.0,94,61.557282
-118.0,119,61.639715
-103.0,104,61.711074
