,seed,perturbation,base_reward,perturbed_reward
0,0,1e-08,2385.6949151466733,2375.6108582665534
1,0,4.641588833612782e-08,2385.6949151466733,2128.9263536535627
2,0,2.1544346900318822e-07,2385.6949151466733,2121.197205623215
3,0,1e-06,2385.6949151466733,2811.7187330113525
4,0,4.641588833612773e-06,2385.6949151466733,2117.8652620337743
5,0,2.1544346900318823e-05,2385.6949151466733,1819.478413943453
6,0,0.0001,2385.6949151466733,2360.4212415706297
7,0,0.00046415888336127724,2385.6949151466733,2104.5753410666734
8,0,0.002154434690031882,2385.6949151466733,1781.1802622169378
9,0,0.01,2385.6949151466733,2742.172523699596
10,1,1e-08,2385.6949151466733,2127.3826745106844
11,1,4.641588833612782e-08,2385.6949151466733,2127.349187053859
12,1,2.1544346900318822e-07,2385.6949151466733,2121.2708207989167
13,1,1e-06,2385.6949151466733,2119.8447429438593
14,1,4.641588833612773e-06,2385.6949151466733,2123.69256552176
15,1,2.1544346900318823e-05,2385.6949151466733,2379.5474274677244
16,1,0.0001,2385.6949151466733,2063.165715439085
17,1,0.00046415888336127724,2385.6949151466733,2065.8204403805275
18,1,0.002154434690031882,2385.6949151466733,2321.6322323559675
19,1,0.01,2385.6949151466733,1860.976334914415
20,2,1e-08,2385.6949151466733,2379.806602580022
21,2,4.641588833612782e-08,2385.6949151466733,2392.5041167874715
22,2,2.1544346900318822e-07,2385.6949151466733,2131.239745724593
23,2,1e-06,2385.6949151466733,2667.6710525410926
24,2,4.641588833612773e-06,2385.6949151466733,2116.4170944829634
25,2,2.1544346900318823e-05,2385.6949151466733,1829.3133880263474
26,2,0.0001,2385.6949151466733,1968.9520440410618
27,2,0.00046415888336127724,2385.6949151466733,1791.7902992033896
28,2,0.002154434690031882,2385.6949151466733,2103.202454368196
29,2,0.01,2385.6949151466733,2107.7519662820055
30,3,1e-08,2385.6949151466733,2375.6257906238916
31,3,4.641588833612782e-08,2385.6949151466733,2128.9246116439367
32,3,2.1544346900318822e-07,2385.6949151466733,2121.194710184217
33,3,1e-06,2385.6949151466733,2395.131101148716
34,3,4.641588833612773e-06,2385.6949151466733,2116.7119457298145
35,3,2.1544346900318823e-05,2385.6949151466733,1819.4656670782808
36,3,0.0001,2385.6949151466733,2109.3950234759955
37,3,0.00046415888336127724,2385.6949151466733,2111.2496200071996
38,3,0.002154434690031882,2385.6949151466733,1816.6294896069637
39,3,0.01,2385.6949151466733,1855.8965573391813
40,4,1e-08,2385.6949151466733,2379.845386503379
41,4,4.641588833612782e-08,2385.6949151466733,2392.5252598096827
42,4,2.1544346900318822e-07,2385.6949151466733,2129.2617142337185
43,4,1e-06,2385.6949151466733,2649.311340159617
44,4,4.641588833612773e-06,2385.6949151466733,2118.8370608590353
45,4,2.1544346900318823e-05,2385.6949151466733,2093.0089008100804
46,4,0.0001,2385.6949151466733,1939.4547490772757
47,4,0.00046415888336127724,2385.6949151466733,2092.092378841255
48,4,0.002154434690031882,2385.6949151466733,1837.7788438685907
49,4,0.01,2385.6949151466733,2099.7804850565667
50,5,1e-08,2385.6949151466733,2386.982771453561
51,5,4.641588833612782e-08,2385.6949151466733,2130.0490314756944
52,5,2.1544346900318822e-07,2385.6949151466733,2121.059352959739
53,5,1e-06,2385.6949151466733,2113.5074779290076
54,5,4.641588833612773e-06,2385.6949151466733,2111.2865892615373
55,5,2.1544346900318823e-05,2385.6949151466733,2253.9354846677343
56,5,0.0001,2385.6949151466733,1851.5532096768554
57,5,0.00046415888336127724,2385.6949151466733,2094.313489714066
58,5,0.002154434690031882,2385.6949151466733,1843.8371812479704
59,5,0.01,2385.6949151466733,1807.7167934524
60,6,1e-08,2385.6949151466733,2373.6546467261683
61,6,4.641588833612782e-08,2385.6949151466733,2392.5050492773685
62,6,2.1544346900318822e-07,2385.6949151466733,2132.0617183284703
63,6,1e-06,2385.6949151466733,2395.0700571550888
64,6,4.641588833612773e-06,2385.6949151466733,2116.8063112325526
65,6,2.1544346900318823e-05,2385.6949151466733,2087.5595943572193
66,6,0.0001,2385.6949151466733,1889.1925339493027
67,6,0.00046415888336127724,2385.6949151466733,2520.399334750164
68,6,0.002154434690031882,2385.6949151466733,2393.9890843636867
69,6,0.01,2385.6949151466733,1859.4844975227122
70,7,1e-08,2385.6949151466733,2381.3732811912237
71,7,4.641588833612782e-08,2385.6949151466733,2383.93855343442
72,7,2.1544346900318822e-07,2385.6949151466733,2128.380181981813
73,7,1e-06,2385.6949151466733,2127.4887814518224
74,7,4.641588833612773e-06,2385.6949151466733,2124.2911762617946
75,7,2.1544346900318823e-05,2385.6949151466733,2126.4426140594855
76,7,0.0001,2385.6949151466733,1853.8084684094274
77,7,0.00046415888336127724,2385.6949151466733,2098.753242895004
78,7,0.002154434690031882,2385.6949151466733,1547.696376598077
79,7,0.01,2385.6949151466733,2070.965416102682
80,8,1e-08,2385.6949151466733,2382.5216747189766
81,8,4.641588833612782e-08,2385.6949151466733,2127.365690528251
82,8,2.1544346900318822e-07,2385.6949151466733,2121.0117320178847
83,8,1e-06,2385.6949151466733,2121.4444921735503
84,8,4.641588833612773e-06,2385.6949151466733,2373.7316106362987
85,8,2.1544346900318823e-05,2385.6949151466733,2367.115153367309
86,8,0.0001,2385.6949151466733,2087.4527918313324
87,8,0.00046415888336127724,2385.6949151466733,2415.5067102292296
88,8,0.002154434690031882,2385.6949151466733,2088.9519627646064
89,8,0.01,2385.6949151466733,2052.7294978125974
90,9,1e-08,2385.6949151466733,2127.3621843943056
91,9,4.641588833612782e-08,2385.6949151466733,2121.04797308443
92,9,2.1544346900318822e-07,2385.6949151466733,2120.802084618433
93,9,1e-06,2385.6949151466733,2402.081264654076
94,9,4.641588833612773e-06,2385.6949151466733,2473.0655592429666
95,9,2.1544346900318823e-05,2385.6949151466733,2574.469748968607
96,9,0.0001,2385.6949151466733,1778.5311842156484
97,9,0.00046415888336127724,2385.6949151466733,2183.794885457307
98,9,0.002154434690031882,2385.6949151466733,1552.5660933256222
99,9,0.01,2385.6949151466733,2082.88793740818
100,10,1e-08,2385.6949151466733,2382.523593070413
101,10,4.641588833612782e-08,2385.6949151466733,2127.3564798707907
102,10,2.1544346900318822e-07,2385.6949151466733,2120.15673025576
103,10,1e-06,2385.6949151466733,2120.2792775772664
104,10,4.641588833612773e-06,2385.6949151466733,2410.3366861814675
105,10,2.1544346900318823e-05,2385.6949151466733,2363.667175645933
106,10,0.0001,2385.6949151466733,2225.4618438348257
107,10,0.00046415888336127724,2385.6949151466733,2117.9687039425894
108,10,0.002154434690031882,2385.6949151466733,1828.222917302135
109,10,0.01,2385.6949151466733,1537.5569085059235
110,11,1e-08,2385.6949151466733,2127.383352772455
111,11,4.641588833612782e-08,2385.6949151466733,2127.354149786623
112,11,2.1544346900318822e-07,2385.6949151466733,2119.4511401167756
113,11,1e-06,2385.6949151466733,2123.001669959033
114,11,4.641588833612773e-06,2385.6949151466733,2398.804345328406
115,11,2.1544346900318823e-05,2385.6949151466733,2639.1288039254778
116,11,0.0001,2385.6949151466733,2104.7474405133235
117,11,0.00046415888336127724,2385.6949151466733,2401.6243872693753
118,11,0.002154434690031882,2385.6949151466733,1980.2129936788772
119,11,0.01,2385.6949151466733,2598.8807918993625
120,12,1e-08,2385.6949151466733,2381.4183589061927
121,12,4.641588833612782e-08,2385.6949151466733,2386.3782162918565
122,12,2.1544346900318822e-07,2385.6949151466733,2127.25340123044
123,12,1e-06,2385.6949151466733,2123.71912556274
124,12,4.641588833612773e-06,2385.6949151466733,2113.5575682881963
125,12,2.1544346900318823e-05,2385.6949151466733,2113.2681836686356
126,12,0.0001,2385.6949151466733,1891.7859617582938
127,12,0.00046415888336127724,2385.6949151466733,2658.4863529612967
128,12,0.002154434690031882,2385.6949151466733,2897.280802934272
129,12,0.01,2385.6949151466733,1794.7222793376643
130,13,1e-08,2385.6949151466733,2381.4298533593187
131,13,4.641588833612782e-08,2385.6949151466733,2390.7325915480656
132,13,2.1544346900318822e-07,2385.6949151466733,2127.519132116524
133,13,1e-06,2385.6949151466733,2126.153337563143
134,13,4.641588833612773e-06,2385.6949151466733,2108.4026685659715
135,13,2.1544346900318823e-05,2385.6949151466733,2378.4648922114216
136,13,0.0001,2385.6949151466733,1893.8502607802263
137,13,0.00046415888336127724,2385.6949151466733,2065.627060074354
138,13,0.002154434690031882,2385.6949151466733,2098.329882246426
139,13,0.01,2385.6949151466733,1803.9096483367864
140,14,1e-08,2385.6949151466733,2385.673232969422
141,14,4.641588833612782e-08,2385.6949151466733,2386.871209448024
142,14,2.1544346900318822e-07,2385.6949151466733,2129.2435618125774
143,14,1e-06,2385.6949151466733,2119.5093118528207
144,14,4.641588833612773e-06,2385.6949151466733,2118.9120481257014
145,14,2.1544346900318823e-05,2385.6949151466733,1827.7192620901008
146,14,0.0001,2385.6949151466733,1803.6704294650751
147,14,0.00046415888336127724,2385.6949151466733,2273.6497105856806
148,14,0.002154434690031882,2385.6949151466733,2108.3908898933614
149,14,0.01,2385.6949151466733,2117.117851607972
150,15,1e-08,2385.6949151466733,2382.9973553001932
151,15,4.641588833612782e-08,2385.6949151466733,2392.5644488664384
152,15,2.1544346900318822e-07,2385.6949151466733,2128.8795140091033
153,15,1e-06,2385.6949151466733,2395.1000529581215
154,15,4.641588833612773e-06,2385.6949151466733,2111.40525071089
155,15,2.1544346900318823e-05,2385.6949151466733,1827.4050017776653
156,15,0.0001,2385.6949151466733,1932.270075108588
157,15,0.00046415888336127724,2385.6949151466733,2075.6974252190594
158,15,0.002154434690031882,2385.6949151466733,1811.740418525972
159,15,0.01,2385.6949151466733,2407.4231826003183
160,16,1e-08,2385.6949151466733,2386.969971618293
161,16,4.641588833612782e-08,2385.6949151466733,2129.928875148441
162,16,2.1544346900318822e-07,2385.6949151466733,2121.067003682885
163,16,1e-06,2385.6949151466733,2117.336483388807
164,16,4.641588833612773e-06,2385.6949151466733,2124.570711135814
165,16,2.1544346900318823e-05,2385.6949151466733,1819.9295169682919
166,16,0.0001,2385.6949151466733,1835.3559099073043
167,16,0.00046415888336127724,2385.6949151466733,2106.7712376567165
168,16,0.002154434690031882,2385.6949151466733,1987.0493129017834
169,16,0.01,2385.6949151466733,2200.843748709657
170,17,1e-08,2385.6949151466733,2383.0266480219257
171,17,4.641588833612782e-08,2385.6949151466733,2392.7200737493326
172,17,2.1544346900318822e-07,2385.6949151466733,2128.610497754284
173,17,1e-06,2385.6949151466733,2376.6612778632407
174,17,4.641588833612773e-06,2385.6949151466733,2120.2280435064745
175,17,2.1544346900318823e-05,2385.6949151466733,2120.4294626637698
176,17,0.0001,2385.6949151466733,2057.943823452006
177,17,0.00046415888336127724,2385.6949151466733,1868.7522438896372
178,17,0.002154434690031882,2385.6949151466733,1546.3231241865292
179,17,0.01,2385.6949151466733,1839.4184983832404
180,18,1e-08,2385.6949151466733,2374.7242659252265
181,18,4.641588833612782e-08,2385.6949151466733,2380.3792318331502
182,18,2.1544346900318822e-07,2385.6949151466733,2120.172976626359
183,18,1e-06,2385.6949151466733,2366.966625887292
184,18,4.641588833612773e-06,2385.6949151466733,2120.5911257710013
185,18,2.1544346900318823e-05,2385.6949151466733,2292.2649935778286
186,18,0.0001,2385.6949151466733,1772.699157027155
187,18,0.00046415888336127724,2385.6949151466733,2665.5123230912495
188,18,0.002154434690031882,2385.6949151466733,2399.7610255480718
189,18,0.01,2385.6949151466733,2094.580125787293
190,19,1e-08,2385.6949151466733,2386.6929814755567
191,19,4.641588833612782e-08,2385.6949151466733,2131.1151716059944
192,19,2.1544346900318822e-07,2385.6949151466733,2119.5082394284423
193,19,1e-06,2385.6949151466733,2117.741347677167
194,19,4.641588833612773e-06,2385.6949151466733,2112.8183420412397
195,19,2.1544346900318823e-05,2385.6949151466733,1804.4543617641384
196,19,0.0001,2385.6949151466733,2130.6472653754236
197,19,0.00046415888336127724,2385.6949151466733,2053.5720422586382
198,19,0.002154434690031882,2385.6949151466733,1840.8384373870983
199,19,0.01,2385.6949151466733,2529.1208806725085
200,20,1e-08,2385.6949151466733,2382.992915234325
201,20,4.641588833612782e-08,2385.6949151466733,2392.5554791943546
202,20,2.1544346900318822e-07,2385.6949151466733,2132.1686163444674
203,20,1e-06,2385.6949151466733,2391.3311226064907
204,20,4.641588833612773e-06,2385.6949151466733,2113.1122721044253
205,20,2.1544346900318823e-05,2385.6949151466733,1827.9899765921352
206,20,0.0001,2385.6949151466733,1930.0792978852542
207,20,0.00046415888336127724,2385.6949151466733,2383.594369367765
208,20,0.002154434690031882,2385.6949151466733,1830.4703902550227
209,20,0.01,2385.6949151466733,2081.791317588621
210,21,1e-08,2385.6949151466733,2377.7545424569025
211,21,4.641588833612782e-08,2385.6949151466733,2386.8743186710544
212,21,2.1544346900318822e-07,2385.6949151466733,2131.330579258795
213,21,1e-06,2385.6949151466733,2122.2442077726246
214,21,4.641588833612773e-06,2385.6949151466733,2121.405236017087
215,21,2.1544346900318823e-05,2385.6949151466733,2089.3775774568385
216,21,0.0001,2385.6949151466733,1953.2079232328979
217,21,0.00046415888336127724,2385.6949151466733,2402.63755244092
218,21,0.002154434690031882,2385.6949151466733,2194.792869423919
219,21,0.01,2385.6949151466733,1561.9061296268865
220,22,1e-08,2385.6949151466733,2393.8944836053847
221,22,4.641588833612782e-08,2385.6949151466733,2381.697354803249
222,22,2.1544346900318822e-07,2385.6949151466733,2383.035001765275
223,22,1e-06,2385.6949151466733,2392.741512410952
224,22,4.641588833612773e-06,2385.6949151466733,2128.243195089951
225,22,2.1544346900318823e-05,2385.6949151466733,2129.0219205039766
226,22,0.0001,2385.6949151466733,2120.3597426769197
227,22,0.00046415888336127724,2385.6949151466733,2111.4440803775033
228,22,0.002154434690031882,2385.6949151466733,1889.7901129391594
229,22,0.01,2385.6949151466733,1538.843297089035
230,23,1e-08,2385.6949151466733,2385.6886978064827
231,23,4.641588833612782e-08,2385.6949151466733,2393.8707467133704
232,23,2.1544346900318822e-07,2385.6949151466733,2382.494186934229
233,23,1e-06,2385.6949151466733,2385.9418207852164
234,23,4.641588833612773e-06,2385.6949151466733,2130.5223040197066
235,23,2.1544346900318823e-05,2385.6949151466733,2121.1930875699945
236,23,0.0001,2385.6949151466733,2128.4376808931775
237,23,0.00046415888336127724,2385.6949151466733,1829.188138725269
238,23,0.002154434690031882,2385.6949151466733,1777.3240805089872
239,23,0.01,2385.6949151466733,1536.0764257736794
240,24,1e-08,2385.6949151466733,2393.874144613112
241,24,4.641588833612782e-08,2385.6949151466733,2385.6582395740943
242,24,2.1544346900318822e-07,2385.6949151466733,2386.2651823060974
243,24,1e-06,2385.6949151466733,2130.01243460733
244,24,4.641588833612773e-06,2385.6949151466733,2120.0717903761906
245,24,2.1544346900318823e-05,2385.6949151466733,2131.0136617798553
246,24,0.0001,2385.6949151466733,2086.201751287818
247,24,0.00046415888336127724,2385.6949151466733,2433.7291773537454
248,24,0.002154434690031882,2385.6949151466733,2132.8419977752815
249,24,0.01,2385.6949151466733,1548.4427234422435
250,25,1e-08,2385.6949151466733,2377.80273606731
251,25,4.641588833612782e-08,2385.6949151466733,2387.4064061140225
252,25,2.1544346900318822e-07,2385.6949151466733,2132.42731605419
253,25,1e-06,2385.6949151466733,2120.2122711217407
254,25,4.641588833612773e-06,2385.6949151466733,2125.774376199769
255,25,2.1544346900318823e-05,2385.6949151466733,2095.211402968876
256,25,0.0001,2385.6949151466733,2053.491656420572
257,25,0.00046415888336127724,2385.6949151466733,2385.0083042760834
258,25,0.002154434690031882,2385.6949151466733,2093.580744162281
259,25,0.01,2385.6949151466733,1835.5298167842463
260,26,1e-08,2385.6949151466733,2382.522025199726
261,26,4.641588833612782e-08,2385.6949151466733,2127.364701020826
262,26,2.1544346900318822e-07,2385.6949151466733,2121.0247370455636
263,26,1e-06,2385.6949151466733,2121.086717521277
264,26,4.641588833612773e-06,2385.6949151466733,2402.982258594475
265,26,2.1544346900318823e-05,2385.6949151466733,2385.232443008575
266,26,0.0001,2385.6949151466733,2096.1773097343425
267,26,0.00046415888336127724,2385.6949151466733,2262.718617907788
268,26,0.002154434690031882,2385.6949151466733,1855.4386479684124
269,26,0.01,2385.6949151466733,1876.0344786228834
270,27,1e-08,2385.6949151466733,2127.376793558564
271,27,4.641588833612782e-08,2385.6949151466733,2120.964602979172
272,27,2.1544346900318822e-07,2385.6949151466733,2119.996439545997
273,27,1e-06,2385.6949151466733,2403.8136559600894
274,27,4.641588833612773e-06,2385.6949151466733,2113.9880996222196
275,27,2.1544346900318823e-05,2385.6949151466733,2087.834701968162
276,27,0.0001,2385.6949151466733,2405.952838551224
277,27,0.00046415888336127724,2385.6949151466733,2098.628282839872
278,27,0.002154434690031882,2385.6949151466733,1553.5906463234821
279,27,0.01,2385.6949151466733,1847.5160975575213
280,28,1e-08,2385.6949151466733,2375.178528553324
281,28,4.641588833612782e-08,2385.6949151466733,2120.764461772271
282,28,2.1544346900318822e-07,2385.6949151466733,2395.3234822660143
283,28,1e-06,2385.6949151466733,2679.503432701125
284,28,4.641588833612773e-06,2385.6949151466733,2276.1984203712204
285,28,2.1544346900318823e-05,2385.6949151466733,2133.1324503211795
286,28,0.0001,2385.6949151466733,1813.024190640505
287,28,0.00046415888336127724,2385.6949151466733,1828.9507196549102
288,28,0.002154434690031882,2385.6949151466733,1553.316948154031
289,28,0.01,2385.6949151466733,2391.465765935595
290,29,1e-08,2385.6949151466733,2386.0195267710747
291,29,4.641588833612782e-08,2385.6949151466733,2120.1424200660963
292,29,2.1544346900318822e-07,2385.6949151466733,2119.9296628158118
293,29,1e-06,2385.6949151466733,2376.57215444928
294,29,4.641588833612773e-06,2385.6949151466733,2410.0478332908974
295,29,2.1544346900318823e-05,2385.6949151466733,2186.8442601546426
296,29,0.0001,2385.6949151466733,2262.420860317542
297,29,0.00046415888336127724,2385.6949151466733,1850.3895732680287
298,29,0.002154434690031882,2385.6949151466733,1823.0881054795836
299,29,0.01,2385.6949151466733,1551.3930454521806
300,30,1e-08,2385.6949151466733,2385.7096989934585
301,30,4.641588833612782e-08,2385.6949151466733,2127.3821989903413
302,30,2.1544346900318822e-07,2385.6949151466733,2375.1758008325687
303,30,1e-06,2385.6949151466733,2120.910617097362
304,30,4.641588833612773e-06,2385.6949151466733,2401.546108319421
305,30,2.1544346900318823e-05,2385.6949151466733,2650.320391258274
306,30,0.0001,2385.6949151466733,2270.756842924087
307,30,0.00046415888336127724,2385.6949151466733,2481.414439453564
308,30,0.002154434690031882,2385.6949151466733,1555.3967156972476
309,30,0.01,2385.6949151466733,1537.8169723483418
310,31,1e-08,2385.6949151466733,2127.3544715141566
311,31,4.641588833612782e-08,2385.6949151466733,2119.449481254491
312,31,2.1544346900318822e-07,2385.6949151466733,2122.989567705065
313,31,1e-06,2385.6949151466733,2404.0627385459607
314,31,4.641588833612773e-06,2385.6949151466733,2629.3509599306926
315,31,2.1544346900318823e-05,2385.6949151466733,2499.2272486418647
316,31,0.0001,2385.6949151466733,2092.6765940334535
317,31,0.00046415888336127724,2385.6949151466733,2239.5304959495274
318,31,0.002154434690031882,2385.6949151466733,1555.141157130141
319,31,0.01,2385.6949151466733,1539.2879097825935
320,32,1e-08,2385.6949151466733,2127.383130771988
321,32,4.641588833612782e-08,2385.6949151466733,2127.352644973824
322,32,2.1544346900318822e-07,2385.6949151466733,2121.331698194687
323,32,1e-06,2385.6949151466733,2120.3354139064622
324,32,4.641588833612773e-06,2385.6949151466733,2401.712533121187
325,32,2.1544346900318823e-05,2385.6949151466733,2386.1113805971286
326,32,0.0001,2385.6949151466733,2530.502923170788
327,32,0.00046415888336127724,2385.6949151466733,2732.563727003626
328,32,0.002154434690031882,2385.6949151466733,1900.336542245228
329,32,0.01,2385.6949151466733,1543.768597514105
330,33,1e-08,2385.6949151466733,2393.884973035106
331,33,4.641588833612782e-08,2385.6949151466733,2385.711543843402
332,33,2.1544346900318822e-07,2385.6949151466733,2375.650740698175
333,33,1e-06,2385.6949151466733,2394.6371454917407
334,33,4.641588833612773e-06,2385.6949151466733,2121.0709356602974
335,33,2.1544346900318823e-05,2385.6949151466733,2124.5000140180673
336,33,0.0001,2385.6949151466733,2117.6007414591363
337,33,0.00046415888336127724,2385.6949151466733,1819.7137600158646
338,33,0.002154434690031882,2385.6949151466733,1555.2616344897417
339,33,0.01,2385.6949151466733,1846.523823552687
340,34,1e-08,2385.6949151466733,2385.7129045262923
341,34,4.641588833612782e-08,2385.6949151466733,2127.3784234014097
342,34,2.1544346900318822e-07,2385.6949151466733,2120.7664706357114
343,34,1e-06,2385.6949151466733,2120.2963843027387
344,34,4.641588833612773e-06,2385.6949151466733,2391.081942595709
345,34,2.1544346900318823e-05,2385.6949151466733,2564.6041732066765
346,34,0.0001,2385.6949151466733,2278.1493500567262
347,34,0.00046415888336127724,2385.6949151466733,2389.9948225676662
348,34,0.002154434690031882,2385.6949151466733,2268.9461992644933
349,34,0.01,2385.6949151466733,1548.4295121577002
350,35,1e-08,2385.6949151466733,2127.359173710158
351,35,4.641588833612782e-08,2385.6949151466733,2121.0727748061495
352,35,2.1544346900318822e-07,2385.6949151466733,2120.719435303736
353,35,1e-06,2385.6949151466733,2668.3559680217318
354,35,4.641588833612773e-06,2385.6949151466733,2664.3556398533283
355,35,2.1544346900318823e-05,2385.6949151466733,2139.038828608422
356,35,0.0001,2385.6949151466733,3263.485843543798
357,35,0.00046415888336127724,2385.6949151466733,1848.6006513389736
358,35,0.002154434690031882,2385.6949151466733,1849.0269655932757
359,35,0.01,2385.6949151466733,1532.9695165582955
360,36,1e-08,2385.6949151466733,2375.193406835423
361,36,4.641588833612782e-08,2385.6949151466733,2120.0925337900258
362,36,2.1544346900318822e-07,2385.6949151466733,2396.8507457121323
363,36,1e-06,2385.6949151466733,2402.569876124889
364,36,4.641588833612773e-06,2385.6949151466733,2083.6395780158928
365,36,2.1544346900318823e-05,2385.6949151466733,2511.762735700212
366,36,0.0001,2385.6949151466733,1814.890321059995
367,36,0.00046415888336127724,2385.6949151466733,2088.023795380818
368,36,0.002154434690031882,2385.6949151466733,2277.4150960553484
369,36,0.01,2385.6949151466733,2523.971981936817
370,37,1e-08,2385.6949151466733,2386.0369550140117
371,37,4.641588833612782e-08,2385.6949151466733,2120.1358780986243
372,37,2.1544346900318822e-07,2385.6949151466733,2394.998271584136
373,37,1e-06,2385.6949151466733,2656.034482208655
374,37,4.641588833612773e-06,2385.6949151466733,2402.8039496067568
375,37,2.1544346900318823e-05,2385.6949151466733,2268.184094182026
376,37,0.0001,2385.6949151466733,2458.396000852648
377,37,0.00046415888336127724,2385.6949151466733,2082.1331155531043
378,37,0.002154434690031882,2385.6949151466733,1826.0827893794303
379,37,0.01,2385.6949151466733,2083.8996332335037
380,38,1e-08,2385.6949151466733,2127.3661289350644
381,38,4.641588833612782e-08,2385.6949151466733,2121.0080206884486
382,38,2.1544346900318822e-07,2385.6949151466733,2121.421553425285
383,38,1e-06,2385.6949151466733,2368.7831355397425
384,38,4.641588833612773e-06,2385.6949151466733,2385.2918932059756
385,38,2.1544346900318823e-05,2385.6949151466733,2087.8905198255766
386,38,0.0001,2385.6949151466733,1981.9480390804752
387,38,0.00046415888336127724,2385.6949151466733,2144.1691002929965
388,38,0.002154434690031882,2385.6949151466733,1828.0103730627454
389,38,0.01,2385.6949151466733,1520.5699535273363
390,39,1e-08,2385.6949151466733,2378.2777975036215
391,39,4.641588833612782e-08,2385.6949151466733,2125.1600418338517
392,39,2.1544346900318822e-07,2385.6949151466733,2127.1557205800573
393,39,1e-06,2385.6949151466733,2127.19968176414
394,39,4.641588833612773e-06,2385.6949151466733,2128.3328453484073
395,39,2.1544346900318823e-05,2385.6949151466733,2115.1538846669305
396,39,0.0001,2385.6949151466733,2336.558437710883
397,39,0.00046415888336127724,2385.6949151466733,1900.4343954986466
398,39,0.002154434690031882,2385.6949151466733,2094.566147978157
399,39,0.01,2385.6949151466733,1544.7108388479498
400,40,1e-08,2385.6949151466733,2386.9844682039807
401,40,4.641588833612782e-08,2385.6949151466733,2130.02301993253
402,40,2.1544346900318822e-07,2385.6949151466733,2121.06258797768
403,40,1e-06,2385.6949151466733,2118.4525677171746
404,40,4.641588833612773e-06,2385.6949151466733,2104.4777742308656
405,40,2.1544346900318823e-05,2385.6949151466733,1819.4849137207557
406,40,0.0001,2385.6949151466733,1842.065628985157
407,40,0.00046415888336127724,2385.6949151466733,2117.0942535527993
408,40,0.002154434690031882,2385.6949151466733,1556.4162228361777
409,40,0.01,2385.6949151466733,1826.1163812830198
410,41,1e-08,2385.6949151466733,2371.584549370635
411,41,4.641588833612782e-08,2385.6949151466733,2124.7757148850033
412,41,2.1544346900318822e-07,2385.6949151466733,2119.5533054764196
413,41,1e-06,2385.6949151466733,2381.148723975516
414,41,4.641588833612773e-06,2385.6949151466733,2116.874521109664
415,41,2.1544346900318823e-05,2385.6949151466733,1827.1583547444316
416,41,0.0001,2385.6949151466733,2238.1908040562016
417,41,0.00046415888336127724,2385.6949151466733,2064.8924882904
418,41,0.002154434690031882,2385.6949151466733,1541.4066781495171
419,41,0.01,2385.6949151466733,1798.0075791056595
420,42,1e-08,2385.6949151466733,2385.6694129799803
421,42,4.641588833612782e-08,2385.6949151466733,2386.966888614443
422,42,2.1544346900318822e-07,2385.6949151466733,2129.222397348776
423,42,1e-06,2385.6949151466733,2120.0500437389583
424,42,4.641588833612773e-06,2385.6949151466733,2118.7777082273797
425,42,2.1544346900318823e-05,2385.6949151466733,1827.7236493028608
426,42,0.0001,2385.6949151466733,3314.8884421662046
427,42,0.00046415888336127724,2385.6949151466733,2110.940853599896
428,42,0.002154434690031882,2385.6949151466733,2061.287326087362
429,42,0.01,2385.6949151466733,2093.9655801324907
430,43,1e-08,2385.6949151466733,2378.2095874023953
431,43,4.641588833612782e-08,2385.6949151466733,2381.4522754793884
432,43,2.1544346900318822e-07,2385.6949151466733,2389.0053060894797
433,43,1e-06,2385.6949151466733,2125.479477344282
434,43,4.641588833612773e-06,2385.6949151466733,2121.281284486791
435,43,2.1544346900318823e-05,2385.6949151466733,2114.2751047249576
436,43,0.0001,2385.6949151466733,2099.9038124388853
437,43,0.00046415888336127724,2385.6949151466733,2060.429761481093
438,43,0.002154434690031882,2385.6949151466733,2092.9130825907696
439,43,0.01,2385.6949151466733,1561.929386718446
440,44,1e-08,2385.6949151466733,2377.80916531191
441,44,4.641588833612782e-08,2385.6949151466733,2383.336221208908
442,44,2.1544346900318822e-07,2385.6949151466733,2131.7709887750916
443,44,1e-06,2385.6949151466733,2120.1530279545736
444,44,4.641588833612773e-06,2385.6949151466733,2129.9277175056104
445,44,2.1544346900318823e-05,2385.6949151466733,2099.4247099310733
446,44,0.0001,2385.6949151466733,1769.3769798220342
447,44,0.00046415888336127724,2385.6949151466733,1792.0809940748118
448,44,0.002154434690031882,2385.6949151466733,1801.8661184834687
449,44,0.01,2385.6949151466733,1782.0814226437851
450,45,1e-08,2385.6949151466733,2374.705038304467
451,45,4.641588833612782e-08,2385.6949151466733,2130.679938220335
452,45,2.1544346900318822e-07,2385.6949151466733,2121.1888462863967
453,45,1e-06,2385.6949151466733,2378.749079686134
454,45,4.641588833612773e-06,2385.6949151466733,2115.165431025269
455,45,2.1544346900318823e-05,2385.6949151466733,1819.5462402927724
456,45,0.0001,2385.6949151466733,2362.7216560656734
457,45,0.00046415888336127724,2385.6949151466733,2345.708487095133
458,45,0.002154434690031882,2385.6949151466733,2182.0999759959345
459,45,0.01,2385.6949151466733,2359.9559094850433
460,46,1e-08,2385.6949151466733,2374.706166533799
461,46,4.641588833612782e-08,2385.6949151466733,2390.38581772385
462,46,2.1544346900318822e-07,2385.6949151466733,2120.2215847155544
463,46,1e-06,2385.6949151466733,2374.5569275159687
464,46,4.641588833612773e-06,2385.6949151466733,2111.103023876454
465,46,2.1544346900318823e-05,2385.6949151466733,2096.165586751855
466,46,0.0001,2385.6949151466733,1774.5420463122352
467,46,0.00046415888336127724,2385.6949151466733,2108.0104616398658
468,46,0.002154434690031882,2385.6949151466733,2125.6577674739547
469,46,0.01,2385.6949151466733,1777.5258676381957
470,47,1e-08,2385.6949151466733,2379.835422827206
471,47,4.641588833612782e-08,2385.6949151466733,2392.510083386919
472,47,2.1544346900318822e-07,2385.6949151466733,2130.0582635103447
473,47,1e-06,2385.6949151466733,2400.346812157508
474,47,4.641588833612773e-06,2385.6949151466733,2123.538796306592
475,47,2.1544346900318823e-05,2385.6949151466733,1832.9122620271555
476,47,0.0001,2385.6949151466733,1945.0713625325714
477,47,0.00046415888336127724,2385.6949151466733,2132.39806464685
478,47,0.002154434690031882,2385.6949151466733,1816.1505334573337
479,47,0.01,2385.6949151466733,2072.465087988132
480,48,1e-08,2385.6949151466733,2381.454479893633
481,48,4.641588833612782e-08,2385.6949151466733,2385.517129242641
482,48,2.1544346900318822e-07,2385.6949151466733,2125.8150846315993
483,48,1e-06,2385.6949151466733,2121.7899192159125
484,48,4.641588833612773e-06,2385.6949151466733,2361.9132148225426
485,48,2.1544346900318823e-05,2385.6949151466733,2396.6462365319326
486,48,0.0001,2385.6949151466733,1900.3180326421439
487,48,0.00046415888336127724,2385.6949151466733,1969.2871556260695
488,48,0.002154434690031882,2385.6949151466733,1550.801576227646
489,48,0.01,2385.6949151466733,1808.87113844186
490,49,1e-08,2385.6949151466733,2383.11231478281
491,49,4.641588833612782e-08,2385.6949151466733,2376.1877210607063
492,49,2.1544346900318822e-07,2385.6949151466733,2128.0407691565806
493,49,1e-06,2385.6949151466733,2126.2748046174825
494,49,4.641588833612773e-06,2385.6949151466733,2119.7124472773235
495,49,2.1544346900318823e-05,2385.6949151466733,2109.818082246758
496,49,0.0001,2385.6949151466733,1946.4001694742572
497,49,0.00046415888336127724,2385.6949151466733,1933.1378395411523
498,49,0.002154434690031882,2385.6949151466733,1799.967760166949
499,49,0.01,2385.6949151466733,1819.3791819715989
500,50,1e-08,2385.6949151466733,2381.724034546632
501,50,4.641588833612782e-08,2385.6949151466733,2381.3738523115803
502,50,2.1544346900318822e-07,2385.6949151466733,2383.935339298612
503,50,1e-06,2385.6949151466733,2128.3867459879125
504,50,4.641588833612773e-06,2385.6949151466733,2127.541481705078
505,50,2.1544346900318823e-05,2385.6949151466733,2119.236920011326
506,50,0.0001,2385.6949151466733,2361.9819459865917
507,50,0.00046415888336127724,2385.6949151466733,1852.2454714071255
508,50,0.002154434690031882,2385.6949151466733,2098.415725705083
509,50,0.01,2385.6949151466733,1562.5082856059034
510,51,1e-08,2385.6949151466733,2393.87188329618
511,51,4.641588833612782e-08,2385.6949151466733,2382.503414674624
512,51,2.1544346900318822e-07,2385.6949151466733,2384.9986426308224
513,51,1e-06,2385.6949151466733,2132.1042861085093
514,51,4.641588833612773e-06,2385.6949151466733,2121.348128826189
515,51,2.1544346900318823e-05,2385.6949151466733,2128.0743367261443
516,51,0.0001,2385.6949151466733,2087.845564858305
517,51,0.00046415888336127724,2385.6949151466733,1954.549633008943
518,51,0.002154434690031882,2385.6949151466733,2390.4489063665287
519,51,0.01,2385.6949151466733,2103.5979136394394
520,52,1e-08,2385.6949151466733,2375.144098404947
521,52,4.641588833612782e-08,2385.6949151466733,2121.301280934932
522,52,2.1544346900318822e-07,2385.6949151466733,2398.435444082386
523,52,1e-06,2385.6949151466733,2355.7939665222316
524,52,4.641588833612773e-06,2385.6949151466733,2687.4828985254935
525,52,2.1544346900318823e-05,2385.6949151466733,2091.184002980646
526,52,0.0001,2385.6949151466733,2089.4695879209557
527,52,0.00046415888336127724,2385.6949151466733,2086.7518029896055
528,52,0.002154434690031882,2385.6949151466733,3039.113148771234
529,52,0.01,2385.6949151466733,2114.80989742145
530,53,1e-08,2385.6949151466733,2127.3775658012437
531,53,4.641588833612782e-08,2385.6949151466733,2120.986749511427
532,53,2.1544346900318822e-07,2385.6949151466733,2119.9542704902615
533,53,1e-06,2385.6949151466733,2657.779668827716
534,53,4.641588833612773e-06,2385.6949151466733,2533.318227404962
535,53,2.1544346900318823e-05,2385.6949151466733,2076.8128453956547
536,53,0.0001,2385.6949151466733,2416.874302250198
537,53,0.00046415888336127724,2385.6949151466733,1800.440528306604
538,53,0.002154434690031882,2385.6949151466733,2106.380097611007
539,53,0.01,2385.6949151466733,2764.650778825406
540,54,1e-08,2385.6949151466733,2127.367405917403
541,54,4.641588833612782e-08,2385.6949151466733,2120.997401099485
542,54,2.1544346900318822e-07,2385.6949151466733,2121.3446118099037
543,54,1e-06,2385.6949151466733,2410.3598577198272
544,54,4.641588833612773e-06,2385.6949151466733,2402.682710306155
545,54,2.1544346900318823e-05,2385.6949151466733,2259.427905330218
546,54,0.0001,2385.6949151466733,1968.4238015077385
547,54,0.00046415888336127724,2385.6949151466733,1852.768227425679
548,54,0.002154434690031882,2385.6949151466733,2359.2487149798994
549,54,0.01,2385.6949151466733,1834.2628208091364
550,55,1e-08,2385.6949151466733,2127.374209741514
551,55,4.641588833612782e-08,2385.6949151466733,2120.9600037138125
552,55,2.1544346900318822e-07,2385.6949151466733,2119.4973354468225
553,55,1e-06,2385.6949151466733,2666.862108836148
554,55,4.641588833612773e-06,2385.6949151466733,2115.7927355420475
555,55,2.1544346900318823e-05,2385.6949151466733,2383.9013973844076
556,55,0.0001,2385.6949151466733,2411.527313592344
557,55,0.00046415888336127724,2385.6949151466733,2387.1378008868915
558,55,0.002154434690031882,2385.6949151466733,2235.3468297599734
559,55,0.01,2385.6949151466733,1540.3503070068894
560,56,1e-08,2385.6949151466733,2375.168957091114
561,56,4.641588833612782e-08,2385.6949151466733,2121.177729113711
562,56,2.1544346900318822e-07,2385.6949151466733,2397.965321147162
563,56,1e-06,2385.6949151466733,2659.299829659663
564,56,4.641588833612773e-06,2385.6949151466733,2264.4361218922695
565,56,2.1544346900318823e-05,2385.6949151466733,2389.8012866021027
566,56,0.0001,2385.6949151466733,1798.7628750294248
567,56,0.00046415888336127724,2385.6949151466733,2371.18079508535
568,56,0.002154434690031882,2385.6949151466733,1850.8051208040729
569,56,0.01,2385.6949151466733,1542.6818568705032
570,57,1e-08,2385.6949151466733,2120.7632824199054
571,57,4.641588833612782e-08,2385.6949151466733,2120.2992659834617
572,57,2.1544346900318822e-07,2385.6949151466733,2129.150823875809
573,57,1e-06,2385.6949151466733,2378.143122534297
574,57,4.641588833612773e-06,2385.6949151466733,2257.6733842334525
575,57,2.1544346900318823e-05,2385.6949151466733,2388.075901734687
576,57,0.0001,2385.6949151466733,2110.5237683918454
577,57,0.00046415888336127724,2385.6949151466733,2091.7566253801315
578,57,0.002154434690031882,2385.6949151466733,1847.9039034714758
579,57,0.01,2385.6949151466733,1522.8073045607216
580,58,1e-08,2385.6949151466733,2120.9727808707303
581,58,4.641588833612782e-08,2385.6949151466733,2121.5070547679798
582,58,2.1544346900318822e-07,2385.6949151466733,2404.669137655072
583,58,1e-06,2385.6949151466733,2119.8586342765434
584,58,4.641588833612773e-06,2385.6949151466733,2090.039872091507
585,58,2.1544346900318823e-05,2385.6949151466733,2394.9671024350178
586,58,0.0001,2385.6949151466733,2131.3466039867058
587,58,0.00046415888336127724,2385.6949151466733,1975.3113007325371
588,58,0.002154434690031882,2385.6949151466733,1838.4583536232046
589,58,0.01,2385.6949151466733,1547.8093310997208
590,59,1e-08,2385.6949151466733,2121.0158337591342
591,59,4.641588833612782e-08,2385.6949151466733,2121.474643120253
592,59,2.1544346900318822e-07,2385.6949151466733,2373.645783605913
593,59,1e-06,2385.6949151466733,2376.337406001619
594,59,4.641588833612773e-06,2385.6949151466733,2081.1121762752796
595,59,2.1544346900318823e-05,2385.6949151466733,1966.2287702455292
596,59,0.0001,2385.6949151466733,2082.937618176026
597,59,0.00046415888336127724,2385.6949151466733,2080.59139586028
598,59,0.002154434690031882,2385.6949151466733,1542.4822115294835
599,59,0.01,2385.6949151466733,1550.5736461444403
600,60,1e-08,2385.6949151466733,2120.9642175185704
601,60,4.641588833612782e-08,2385.6949151466733,2120.0258634168786
602,60,2.1544346900318822e-07,2385.6949151466733,2659.621922425748
603,60,1e-06,2385.6949151466733,2387.3363863418567
604,60,4.641588833612773e-06,2385.6949151466733,2912.4319041812146
605,60,2.1544346900318823e-05,2385.6949151466733,2081.6323796119436
606,60,0.0001,2385.6949151466733,2177.9934168650416
607,60,0.00046415888336127724,2385.6949151466733,2786.0820782633114
608,60,0.002154434690031882,2385.6949151466733,1553.298280015082
609,60,0.01,2385.6949151466733,1806.9762915611898
610,61,1e-08,2385.6949151466733,2121.0138630918836
611,61,4.641588833612782e-08,2385.6949151466733,2121.4567596497304
612,61,2.1544346900318822e-07,2385.6949151466733,2373.0253510578514
613,61,1e-06,2385.6949151466733,2377.1845967175254
614,61,4.641588833612773e-06,2385.6949151466733,2080.553801007847
615,61,2.1544346900318823e-05,2385.6949151466733,1970.817756225031
616,61,0.0001,2385.6949151466733,1847.7192719167358
617,61,0.00046415888336127724,2385.6949151466733,2387.323128801374
618,61,0.002154434690031882,2385.6949151466733,2074.0159255446506
619,61,0.01,2385.6949151466733,1544.6327576555027
620,62,1e-08,2385.6949151466733,2120.995345982994
621,62,4.641588833612782e-08,2385.6949151466733,2121.3321124588842
622,62,2.1544346900318822e-07,2385.6949151466733,2400.026771379788
623,62,1e-06,2385.6949151466733,2662.209373646665
624,62,4.641588833612773e-06,2385.6949151466733,2246.7829542757718
625,62,2.1544346900318823e-05,2385.6949151466733,1979.1303197083544
626,62,0.0001,2385.6949151466733,1848.9952015579827
627,62,0.00046415888336127724,2385.6949151466733,1785.5745697039638
628,62,0.002154434690031882,2385.6949151466733,1541.7872139142605
629,62,0.01,2385.6949151466733,1531.801258679601
630,63,1e-08,2385.6949151466733,2120.9714127107363
631,63,4.641588833612782e-08,2385.6949151466733,2121.4925100488254
632,63,2.1544346900318822e-07,2385.6949151466733,2826.1061670040285
633,63,1e-06,2385.6949151466733,2111.6848882865766
634,63,4.641588833612773e-06,2385.6949151466733,2090.04651215591
635,63,2.1544346900318823e-05,2385.6949151466733,2465.9529860438956
636,63,0.0001,2385.6949151466733,1855.3093384083747
637,63,0.00046415888336127724,2385.6949151466733,1770.9593702785814
638,63,0.002154434690031882,2385.6949151466733,1884.8741479543266
639,63,0.01,2385.6949151466733,1521.8817058314003
640,64,1e-08,2385.6949151466733,2120.7676906397437
641,64,4.641588833612782e-08,2385.6949151466733,2119.934752959433
642,64,2.1544346900318822e-07,2385.6949151466733,2678.354785836289
643,64,1e-06,2385.6949151466733,2537.132919046795
644,64,4.641588833612773e-06,2385.6949151466733,2253.9920292202896
645,64,2.1544346900318823e-05,2385.6949151466733,2412.793053231524
646,64,0.0001,2385.6949151466733,2093.202549564526
647,64,0.00046415888336127724,2385.6949151466733,2370.736460266666
648,64,0.002154434690031882,2385.6949151466733,2464.71973891241
649,64,0.01,2385.6949151466733,1543.9056673552736
650,65,1e-08,2385.6949151466733,2382.5229639725976
651,65,4.641588833612782e-08,2385.6949151466733,2127.3593780014708
652,65,2.1544346900318822e-07,2385.6949151466733,2121.0710933633977
653,65,1e-06,2385.6949151466733,2120.711702417874
654,65,4.641588833612773e-06,2385.6949151466733,2674.6087441075215
655,65,2.1544346900318823e-05,2385.6949151466733,2388.179811740423
656,65,0.0001,2385.6949151466733,2139.7661615518164
657,65,0.00046415888336127724,2385.6949151466733,2073.577459842367
658,65,0.002154434690031882,2385.6949151466733,1788.8760321246066
659,65,0.01,2385.6949151466733,3184.055888517592
660,66,1e-08,2385.6949151466733,2120.7543392957145
661,66,4.641588833612782e-08,2385.6949151466733,2120.1503864722918
662,66,2.1544346900318822e-07,2385.6949151466733,2385.5697155442213
663,66,1e-06,2385.6949151466733,2395.148426840526
664,66,4.641588833612773e-06,2385.6949151466733,2186.578345689138
665,66,2.1544346900318823e-05,2385.6949151466733,2532.8870542555487
666,66,0.0001,2385.6949151466733,2103.243148524825
667,66,0.00046415888336127724,2385.6949151466733,2083.2908407147775
668,66,0.002154434690031882,2385.6949151466733,1674.965118441007
669,66,0.01,2385.6949151466733,1543.319541289532
670,67,1e-08,2385.6949151466733,2375.1487909582706
671,67,4.641588833612782e-08,2385.6949151466733,2121.307557024253
672,67,2.1544346900318822e-07,2385.6949151466733,2393.671127699106
673,67,1e-06,2385.6949151466733,2403.4979146653345
674,67,4.641588833612773e-06,2385.6949151466733,2701.1579525882084
675,67,2.1544346900318823e-05,2385.6949151466733,2518.9911114636116
676,67,0.0001,2385.6949151466733,2056.9973662435946
677,67,0.00046415888336127724,2385.6949151466733,2945.319856255725
678,67,0.002154434690031882,2385.6949151466733,2117.4779902246696
679,67,0.01,2385.6949151466733,1542.0719029633347
680,68,1e-08,2385.6949151466733,2120.9640136420594
681,68,4.641588833612782e-08,2385.6949151466733,2120.0398560439708
682,68,2.1544346900318822e-07,2385.6949151466733,2680.5304817574042
683,68,1e-06,2385.6949151466733,2575.6660838370967
684,68,4.641588833612773e-06,2385.6949151466733,2090.3264508217217
685,68,2.1544346900318823e-05,2385.6949151466733,2100.360615583493
686,68,0.0001,2385.6949151466733,3028.6924253396232
687,68,0.00046415888336127724,2385.6949151466733,2107.093806343471
688,68,0.002154434690031882,2385.6949151466733,2403.729408173617
689,68,0.01,2385.6949151466733,1542.6145609244268
690,69,1e-08,2385.6949151466733,2127.3699550618944
691,69,4.641588833612782e-08,2385.6949151466733,2120.9781639802472
692,69,2.1544346900318822e-07,2385.6949151466733,2121.6186731681914
693,69,1e-06,2385.6949151466733,2689.4780003177198
694,69,4.641588833612773e-06,2385.6949151466733,2117.9749775392524
695,69,2.1544346900318823e-05,2385.6949151466733,2089.151594878006
696,69,0.0001,2385.6949151466733,2408.8134432212873
697,69,0.00046415888336127724,2385.6949151466733,1850.734260768166
698,69,0.002154434690031882,2385.6949151466733,2069.375250667079
699,69,0.01,2385.6949151466733,2280.158261769885
700,70,1e-08,2385.6949151466733,2127.3828014150395
701,70,4.641588833612782e-08,2385.6949151466733,2375.167037833412
702,70,2.1544346900318822e-07,2385.6949151466733,2121.1741427301326
703,70,1e-06,2385.6949151466733,2396.9488162351386
704,70,4.641588833612773e-06,2385.6949151466733,2679.482133195186
705,70,2.1544346900318823e-05,2385.6949151466733,2255.862244314571
706,70,0.0001,2385.6949151466733,2400.5179726714287
707,70,0.00046415888336127724,2385.6949151466733,2262.547653060811
708,70,0.002154434690031882,2385.6949151466733,1838.8741043486893
709,70,0.01,2385.6949151466733,2108.3617084753355
710,71,1e-08,2385.6949151466733,2381.730250528809
711,71,4.641588833612782e-08,2385.6949151466733,2381.398577124445
712,71,2.1544346900318822e-07,2385.6949151466733,2390.200297233892
713,71,1e-06,2385.6949151466733,2127.569298076951
714,71,4.641588833612773e-06,2385.6949151466733,2124.9692248724928
715,71,2.1544346900318823e-05,2385.6949151466733,2113.1996325773684
716,71,0.0001,2385.6949151466733,2117.5158756776705
717,71,0.00046415888336127724,2385.6949151466733,1840.3012097165465
718,71,0.002154434690031882,2385.6949151466733,1927.3071026938226
719,71,0.01,2385.6949151466733,3142.1813846257573
720,72,1e-08,2385.6949151466733,2127.3607540438884
721,72,4.641588833612782e-08,2385.6949151466733,2121.0619729501846
722,72,2.1544346900318822e-07,2385.6949151466733,2120.624691607266
723,72,1e-06,2385.6949151466733,2661.430469937909
724,72,4.641588833612773e-06,2385.6949151466733,2378.3617495815793
725,72,2.1544346900318823e-05,2385.6949151466733,2093.1731153356673
726,72,0.0001,2385.6949151466733,2272.310649939268
727,72,0.00046415888336127724,2385.6949151466733,1837.9747687427616
728,72,0.002154434690031882,2385.6949151466733,2103.125327997718
729,72,0.01,2385.6949151466733,1539.0772699329823
730,73,1e-08,2385.6949151466733,2127.3540099512006
731,73,4.641588833612782e-08,2385.6949151466733,2119.4516190621307
732,73,2.1544346900318822e-07,2385.6949151466733,2123.005306690251
733,73,1e-06,2385.6949151466733,2397.227733567307
734,73,4.641588833612773e-06,2385.6949151466733,3198.695852664491
735,73,2.1544346900318823e-05,2385.6949151466733,2103.310447017228
736,73,0.0001,2385.6949151466733,2113.5220217466203
737,73,0.00046415888336127724,2385.6949151466733,1839.8323882520478
738,73,0.002154434690031882,2385.6949151466733,1821.312180896942
739,73,0.01,2385.6949151466733,1554.558191916629
740,74,1e-08,2385.6949151466733,2382.503199440255
741,74,4.641588833612782e-08,2385.6949151466733,2384.989745067768
742,74,2.1544346900318822e-07,2385.6949151466733,2132.080985398269
743,74,1e-06,2385.6949151466733,2121.3493979265563
744,74,4.641588833612773e-06,2385.6949151466733,2127.5284993552145
745,74,2.1544346900318823e-05,2385.6949151466733,2095.929474272264
746,74,0.0001,2385.6949151466733,1789.2592722126599
747,74,0.00046415888336127724,2385.6949151466733,1772.9030615584397
748,74,0.002154434690031882,2385.6949151466733,1537.3023600829904
749,74,0.01,2385.6949151466733,2104.7277740161394
750,75,1e-08,2385.6949151466733,2379.8477721537947
751,75,4.641588833612782e-08,2385.6949151466733,2392.529449141779
752,75,2.1544346900318822e-07,2385.6949151466733,2129.2318014903203
753,75,1e-06,2385.6949151466733,3370.4096592572128
754,75,4.641588833612773e-06,2385.6949151466733,2117.966996783747
755,75,2.1544346900318823e-05,2385.6949151466733,1828.577243692203
756,75,0.0001,2385.6949151466733,1938.9700020681328
757,75,0.00046415888336127724,2385.6949151466733,2478.970254719371
758,75,0.002154434690031882,2385.6949151466733,2360.4255937987414
759,75,0.01,2385.6949151466733,1547.3948432885388
760,76,1e-08,2385.6949151466733,2386.2859671416327
761,76,4.641588833612782e-08,2385.6949151466733,2130.049478130961
762,76,2.1544346900318822e-07,2385.6949151466733,2120.1235498177284
763,76,1e-06,2385.6949151466733,2129.6546084859638
764,76,4.641588833612773e-06,2385.6949151466733,1832.3668698046813
765,76,2.1544346900318823e-05,2385.6949151466733,2538.4737247688076
766,76,0.0001,2385.6949151466733,2075.8693739137907
767,76,0.00046415888336127724,2385.6949151466733,3361.906695383226
768,76,0.002154434690031882,2385.6949151466733,1556.7410556206737
769,76,0.01,2385.6949151466733,2396.870556659223
770,77,1e-08,2385.6949151466733,2386.6876244348896
771,77,4.641588833612782e-08,2385.6949151466733,2131.1101731782564
772,77,2.1544346900318822e-07,2385.6949151466733,2119.513760585139
773,77,1e-06,2385.6949151466733,2117.7491677679614
774,77,4.641588833612773e-06,2385.6949151466733,2112.8955122673347
775,77,2.1544346900318823e-05,2385.6949151466733,1804.5231257306107
776,77,0.0001,2385.6949151466733,2131.5043243450923
777,77,0.00046415888336127724,2385.6949151466733,2066.4971572244467
778,77,0.002154434690031882,2385.6949151466733,1854.2190213309605
779,77,0.01,2385.6949151466733,2364.2754816643696
780,78,1e-08,2385.6949151466733,2383.035809690566
781,78,4.641588833612782e-08,2385.6949151466733,2392.7445361928785
782,78,2.1544346900318822e-07,2385.6949151466733,2128.2694537387592
783,78,1e-06,2385.6949151466733,2129.5456039152537
784,78,4.641588833612773e-06,2385.6949151466733,2119.6358054070984
785,78,2.1544346900318823e-05,2385.6949151466733,2112.1768814940124
786,78,0.0001,2385.6949151466733,1767.6072733194294
787,78,0.00046415888336127724,2385.6949151466733,2130.8288950717406
788,78,0.002154434690031882,2385.6949151466733,2065.802995520722
789,78,0.01,2385.6949151466733,1535.3163889328032
790,79,1e-08,2385.6949151466733,2377.80184481111
791,79,4.641588833612782e-08,2385.6949151466733,2387.4855339902024
792,79,2.1544346900318822e-07,2385.6949151466733,2132.440682015416
793,79,1e-06,2385.6949151466733,2120.2384032868067
794,79,4.641588833612773e-06,2385.6949151466733,2123.9334543025284
795,79,2.1544346900318823e-05,2385.6949151466733,2098.4457635847048
796,79,0.0001,2385.6949151466733,1956.5034737431238
797,79,0.00046415888336127724,2385.6949151466733,2269.193333053172
798,79,0.002154434690031882,2385.6949151466733,1916.9197704054836
799,79,0.01,2385.6949151466733,1559.611516747526
800,80,1e-08,2385.6949151466733,2373.648467779677
801,80,4.641588833612782e-08,2385.6949151466733,2392.444332382287
802,80,2.1544346900318822e-07,2385.6949151466733,2132.417706557859
803,80,1e-06,2385.6949151466733,2397.335657379546
804,80,4.641588833612773e-06,2385.6949151466733,2107.969460450442
805,80,2.1544346900318823e-05,2385.6949151466733,2101.331754313933
806,80,0.0001,2385.6949151466733,1894.1726775220031
807,80,0.00046415888336127724,2385.6949151466733,1818.7281486653064
808,80,0.002154434690031882,2385.6949151466733,1807.7546147363507
809,80,0.01,2385.6949151466733,1792.8199843636862
810,81,1e-08,2385.6949151466733,2381.454970444533
811,81,4.641588833612782e-08,2385.6949151466733,2388.413845509146
812,81,2.1544346900318822e-07,2385.6949151466733,2125.8076573861354
813,81,1e-06,2385.6949151466733,2121.5381516819825
814,81,4.641588833612773e-06,2385.6949151466733,2364.3022338588144
815,81,2.1544346900318823e-05,2385.6949151466733,2386.7028211549095
816,81,0.0001,2385.6949151466733,1926.167587733989
817,81,0.00046415888336127724,2385.6949151466733,1779.9092339788847
818,81,0.002154434690031882,2385.6949151466733,1833.6924286157978
819,81,0.01,2385.6949151466733,1822.5926791295174
820,82,1e-08,2385.6949151466733,2381.3727856473274
821,82,4.641588833612782e-08,2385.6949151466733,2383.9498470892677
822,82,2.1544346900318822e-07,2385.6949151466733,2128.3839110799704
823,82,1e-06,2385.6949151466733,2127.490092932808
824,82,4.641588833612773e-06,2385.6949151466733,2124.2689846369663
825,82,2.1544346900318823e-05,2385.6949151466733,2125.4704701065048
826,82,0.0001,2385.6949151466733,1851.4209007839079
827,82,0.00046415888336127724,2385.6949151466733,1807.2328592672466
828,82,0.002154434690031882,2385.6949151466733,2390.325493096934
829,82,0.01,2385.6949151466733,2075.882740761806
830,83,1e-08,2385.6949151466733,2379.8360307411463
831,83,4.641588833612782e-08,2385.6949151466733,2392.502434551937
832,83,2.1544346900318822e-07,2385.6949151466733,2131.30554905542
833,83,1e-06,2385.6949151466733,2667.8156156862997
834,83,4.641588833612773e-06,2385.6949151466733,2115.3259568107
835,83,2.1544346900318823e-05,2385.6949151466733,2094.9431006309355
836,83,0.0001,2385.6949151466733,1889.3218693841218
837,83,0.00046415888336127724,2385.6949151466733,2089.2605356524414
838,83,0.002154434690031882,2385.6949151466733,2108.004818474924
839,83,0.01,2385.6949151466733,2083.090436084752
840,84,1e-08,2385.6949151466733,2381.725238632578
841,84,4.641588833612782e-08,2385.6949151466733,2381.378192183584
842,84,2.1544346900318822e-07,2385.6949151466733,2386.97539952462
843,84,1e-06,2385.6949151466733,2128.1195199866993
844,84,4.641588833612773e-06,2385.6949151466733,2126.3576415485727
845,84,2.1544346900318823e-05,2385.6949151466733,2118.803458719109
846,84,0.0001,2385.6949151466733,2128.0418365648798
847,84,0.00046415888336127724,2385.6949151466733,1861.6844768784638
848,84,0.002154434690031882,2385.6949151466733,2054.434143893143
849,84,0.01,2385.6949151466733,2252.35283936903
850,85,1e-08,2385.6949151466733,2385.702830746724
851,85,4.641588833612782e-08,2385.6949151466733,2382.524132407771
852,85,2.1544346900318822e-07,2385.6949151466733,2127.357662315465
853,85,1e-06,2385.6949151466733,2120.1609290274473
854,85,4.641588833612773e-06,2385.6949151466733,2120.2992347492154
855,85,2.1544346900318823e-05,2385.6949151466733,2401.5705376797914
856,85,0.0001,2385.6949151466733,2396.270246855568
857,85,0.00046415888336127724,2385.6949151466733,1974.5174858588075
858,85,0.002154434690031882,2385.6949151466733,2099.5448105729165
859,85,0.01,2385.6949151466733,1559.8912242633503
860,86,1e-08,2385.6949151466733,2127.3775121312833
861,86,4.641588833612782e-08,2385.6949151466733,2120.986487454378
862,86,2.1544346900318822e-07,2385.6949151466733,2119.95302018261
863,86,1e-06,2385.6949151466733,2638.8572447238507
864,86,4.641588833612773e-06,2385.6949151466733,2528.4510618216777
865,86,2.1544346900318823e-05,2385.6949151466733,2074.74097653285
866,86,0.0001,2385.6949151466733,2656.452805359169
867,86,0.00046415888336127724,2385.6949151466733,2087.4038829684864
868,86,0.002154434690031882,2385.6949151466733,1865.3321467466453
869,86,0.01,2385.6949151466733,1549.201787518165
870,87,1e-08,2385.6949151466733,2127.383762264436
871,87,4.641588833612782e-08,2385.6949151466733,2375.1542488888426
872,87,2.1544346900318822e-07,2385.6949151466733,2121.206093757176
873,87,1e-06,2385.6949151466733,2395.615605203871
874,87,4.641588833612773e-06,2385.6949151466733,2400.5568020287146
875,87,2.1544346900318823e-05,2385.6949151466733,2411.986723321007
876,87,0.0001,2385.6949151466733,2366.737018183137
877,87,0.00046415888336127724,2385.6949151466733,2060.3711339154606
878,87,0.002154434690031882,2385.6949151466733,1788.978829031679
879,87,0.01,2385.6949151466733,1547.2800014683341
880,88,1e-08,2385.6949151466733,2386.0368370090478
881,88,4.641588833612782e-08,2385.6949151466733,2120.135909907881
882,88,2.1544346900318822e-07,2385.6949151466733,2394.993186896877
883,88,1e-06,2385.6949151466733,3311.240289943148
884,88,4.641588833612773e-06,2385.6949151466733,2402.376717890931
885,88,2.1544346900318823e-05,2385.6949151466733,2269.4257096841984
886,88,0.0001,2385.6949151466733,3254.2851538420177
887,88,0.00046415888336127724,2385.6949151466733,1849.2583512554925
888,88,0.002154434690031882,2385.6949151466733,1542.9845333208393
889,88,0.01,2385.6949151466733,2482.134152653705
890,89,1e-08,2385.6949151466733,2127.365836994838
891,89,4.641588833612782e-08,2385.6949151466733,2121.0115319737074
892,89,2.1544346900318822e-07,2385.6949151466733,2121.4425999592663
893,89,1e-06,2385.6949151466733,2370.1236596079175
894,89,4.641588833612773e-06,2385.6949151466733,2368.4118470261733
895,89,2.1544346900318823e-05,2385.6949151466733,2082.7505152754784
896,89,0.0001,2385.6949151466733,2625.613287822069
897,89,0.00046415888336127724,2385.6949151466733,1852.7266573353295
898,89,0.002154434690031882,2385.6949151466733,2102.6950943483403
899,89,0.01,2385.6949151466733,2121.999020427537
900,90,1e-08,2385.6949151466733,2385.6687993982596
901,90,4.641588833612782e-08,2385.6949151466733,2386.9693888839915
902,90,2.1544346900318822e-07,2385.6949151466733,2129.230210919401
903,90,1e-06,2385.6949151466733,2120.0470914858647
904,90,4.641588833612773e-06,2385.6949151466733,2118.7813207490003
905,90,2.1544346900318823e-05,2385.6949151466733,1827.6895944727792
906,90,0.0001,2385.6949151466733,1806.9602095849007
907,90,0.00046415888336127724,2385.6949151466733,2117.763943042842
908,90,0.002154434690031882,2385.6949151466733,1817.920199165251
909,90,0.01,2385.6949151466733,1805.2056764564313
910,91,1e-08,2385.6949151466733,2379.921354012715
911,91,4.641588833612782e-08,2385.6949151466733,2392.648350713825
912,91,2.1544346900318822e-07,2385.6949151466733,2128.4977570895007
913,91,1e-06,2385.6949151466733,2392.373623803513
914,91,4.641588833612773e-06,2385.6949151466733,2114.192639565133
915,91,2.1544346900318823e-05,2385.6949151466733,2114.6859305174
916,91,0.0001,2385.6949151466733,1971.8012754702718
917,91,0.00046415888336127724,2385.6949151466733,2054.109780773618
918,91,0.002154434690031882,2385.6949151466733,1777.9594267171847
919,91,0.01,2385.6949151466733,2508.414889584642
920,92,1e-08,2385.6949151466733,2381.692773683762
921,92,4.641588833612782e-08,2385.6949151466733,2379.9478937082044
922,92,2.1544346900318822e-07,2385.6949151466733,2392.701919227479
923,92,1e-06,2385.6949151466733,2125.3068014462538
924,92,4.641588833612773e-06,2385.6949151466733,2387.6738400838544
925,92,2.1544346900318823e-05,2385.6949151466733,2123.9348615659655
926,92,0.0001,2385.6949151466733,2118.4620356422843
927,92,0.00046415888336127724,2385.6949151466733,1771.9340054006948
928,92,0.002154434690031882,2385.6949151466733,1755.6540357812025
929,92,0.01,2385.6949151466733,2096.6694167746623
930,93,1e-08,2385.6949151466733,2377.760194907987
931,93,4.641588833612782e-08,2385.6949151466733,2386.7669420473044
932,93,2.1544346900318822e-07,2385.6949151466733,2131.334663029544
933,93,1e-06,2385.6949151466733,2122.0191273772234
934,93,4.641588833612773e-06,2385.6949151466733,2118.202876140193
935,93,2.1544346900318823e-05,2385.6949151466733,2089.063327403079
936,93,0.0001,2385.6949151466733,1955.2485045896226
937,93,0.00046415888336127724,2385.6949151466733,1782.6100169720792
938,93,0.002154434690031882,2385.6949151466733,2256.0497227242486
939,93,0.01,2385.6949151466733,2368.6354163918413
940,94,1e-08,2385.6949151466733,2127.3723576219077
941,94,4.641588833612782e-08,2385.6949151466733,2120.963756864434
942,94,2.1544346900318822e-07,2385.6949151466733,2122.0204079422715
943,94,1e-06,2385.6949151466733,2398.466445275686
944,94,4.641588833612773e-06,2385.6949151466733,2114.205139157651
945,94,2.1544346900318823e-05,2385.6949151466733,2277.3695272278133
946,94,0.0001,2385.6949151466733,2117.725991833882
947,94,0.00046415888336127724,2385.6949151466733,1851.8037364973845
948,94,0.002154434690031882,2385.6949151466733,2783.7612557682314
949,94,0.01,2385.6949151466733,1251.4039459691105
950,95,1e-08,2385.6949151466733,2385.6571108711687
951,95,4.641588833612782e-08,2385.6949151466733,2386.3062453031953
952,95,2.1544346900318822e-07,2385.6949151466733,2130.0740094928915
953,95,1e-06,2385.6949151466733,2120.125192767629
954,95,4.641588833612773e-06,2385.6949151466733,2129.67617141083
955,95,2.1544346900318823e-05,2385.6949151466733,2095.8540166935436
956,95,0.0001,2385.6949151466733,2183.445234142142
957,95,0.00046415888336127724,2385.6949151466733,2097.0167259694986
958,95,0.002154434690031882,2385.6949151466733,2374.8652640538176
959,95,0.01,2385.6949151466733,2100.353634168857
960,96,1e-08,2385.6949151466733,2381.334386095425
961,96,4.641588833612782e-08,2385.6949151466733,2385.2335471833135
962,96,2.1544346900318822e-07,2385.6949151466733,2128.6216264537943
963,96,1e-06,2385.6949151466733,2124.4990853610625
964,96,4.641588833612773e-06,2385.6949151466733,2128.65818628011
965,96,2.1544346900318823e-05,2385.6949151466733,2130.251027107147
966,96,0.0001,2385.6949151466733,1980.3070545376938
967,96,0.00046415888336127724,2385.6949151466733,1816.6552135545558
968,96,0.002154434690031882,2385.6949151466733,1807.4866796746883
969,96,0.01,2385.6949151466733,1847.3874191346001
970,97,1e-08,2385.6949151466733,2385.720672058358
971,97,4.641588833612782e-08,2385.6949151466733,2386.9714335950075
972,97,2.1544346900318822e-07,2385.6949151466733,2129.926560192306
973,97,1e-06,2385.6949151466733,2121.0817248787507
974,97,4.641588833612773e-06,2385.6949151466733,2117.3632624344496
975,97,2.1544346900318823e-05,2385.6949151466733,2123.435687091388
976,97,0.0001,2385.6949151466733,1820.2938092882014
977,97,0.00046415888336127724,2385.6949151466733,1771.3961789384107
978,97,0.002154434690031882,2385.6949151466733,1555.466658064996
979,97,0.01,2385.6949151466733,2090.0978508306443
980,98,1e-08,2385.6949151466733,2381.720222335999
981,98,4.641588833612782e-08,2385.6949151466733,2381.353540660379
982,98,2.1544346900318822e-07,2385.6949151466733,2385.450067275348
983,98,1e-06,2385.6949151466733,2128.1837128480242
984,98,4.641588833612773e-06,2385.6949151466733,2125.9740268136743
985,98,2.1544346900318823e-05,2385.6949151466733,2123.270596903976
986,98,0.0001,2385.6949151466733,2114.286206612351
987,98,0.00046415888336127724,2385.6949151466733,1847.5313038598651
988,98,0.002154434690031882,2385.6949151466733,2092.717712156994
989,98,0.01,2385.6949151466733,1544.60988532555
990,99,1e-08,2385.6949151466733,2385.66776534356
991,99,4.641588833612782e-08,2385.6949151466733,2382.0699597645103
992,99,2.1544346900318822e-07,2385.6949151466733,2129.3635939923784
993,99,1e-06,2385.6949151466733,2120.069678024455
994,99,4.641588833612773e-06,2385.6949151466733,2124.5541778419824
995,99,2.1544346900318823e-05,2385.6949151466733,1831.4413038561117
996,99,0.0001,2385.6949151466733,2610.0717684001474
997,99,0.00046415888336127724,2385.6949151466733,1965.4824578301332
998,99,0.002154434690031882,2385.6949151466733,2073.4268212013344
999,99,0.01,2385.6949151466733,1784.6195413666853
